{
  "version": 1,
  "author": "Muhammad ilham Febriana",
  "editor": "wokwi",
  "parts": [
    { "type": "wokwi-breadboard-half", "id": "bb1", "top": 45, "left": -131.6, "attrs": {} },
    { "type": "board-esp32-devkit-c-v4", "id": "esp", "top": 0, "left": 292.84, "attrs": {} },
    { "type": "wokwi-dht22", "id": "dht1", "top": -18.9, "left": 71.4, "attrs": {} }
  ],
  "connections": [
    [ "esp:TX", "$serialMonitor:RX", "", [] ],
    [ "esp:RX", "$serialMonitor:TX", "", [] ],
    [ "esp:5V", "bb1:21t.d", "red", [ "h0" ] ],
    [ "esp:27", "bb1:22t.d", "green", [ "h0" ] ],
    [ "esp:GND.1", "bb1:24t.d", "black", [ "h0" ] ],
    [ "dht1:VCC", "bb1:21t.a", "", [ "$bb" ] ],
    [ "dht1:SDA", "bb1:22t.a", "", [ "$bb" ] ],
    [ "dht1:NC", "bb1:23t.a", "", [ "$bb" ] ],
    [ "dht1:GND", "bb1:24t.a", "", [ "$bb" ] ]
  ],
  "dependencies": {}
}